energy_mev,let_electronic_mev_cm2_mg,let_nuclear_mev_cm2_mg,let_total_mev_cm2_mg,electronic_column,nuclear_column,source_sheet
0.1,0.4957,0.0,0.4957,H_coll,,p_Si
0.11,0.4836,0.0,0.4836,H_coll,,p_Si
0.12,0.4717,0.0,0.4717,H_coll,,p_Si
0.13,0.4603,0.0,0.4603,H_coll,,p_Si
0.14,0.4492,0.0,0.4492,H_coll,,p_Si
0.15,0.4387,0.0,0.4387,H_coll,,p_Si
0.16,0.4286,0.0,0.4286,H_coll,,p_Si
0.17,0.419,0.0,0.419,H_coll,,p_Si
0.18,0.4099,0.0,0.4099,H_coll,,p_Si
0.2,0.393,0.0,0.393,H_coll,,p_Si
0.225,0.3741,0.0,0.3741,H_coll,,p_Si
0.25,0.3573,0.0,0.3573,H_coll,,p_Si
0.275,0.3423,0.0,0.3423,H_coll,,p_Si
0.3,0.3288,0.0,0.3288,H_coll,,p_Si
0.325,0.3166,0.0,0.3166,H_coll,,p_Si
0.35,0.3055,0.0,0.3055,H_coll,,p_Si
0.375,0.2954,0.0,0.2954,H_coll,,p_Si
0.4,0.2861,0.0,0.2861,H_coll,,p_Si
0.45,0.2696,0.0,0.2696,H_coll,,p_Si
0.5,0.2554,0.0,0.2554,H_coll,,p_Si
0.55,0.243,0.0,0.243,H_coll,,p_Si
0.6,0.2321,0.0,0.2321,H_coll,,p_Si
0.65,0.2224,0.0,0.2224,H_coll,,p_Si
0.7,0.2137,0.0,0.2137,H_coll,,p_Si
0.8,0.1986,0.0,0.1986,H_coll,,p_Si
0.9,0.1861,0.0,0.1861,H_coll,,p_Si
1.0,0.1755,0.0,0.1755,H_coll,,p_Si
1.1,0.1663,0.0,0.1663,H_coll,,p_Si
1.2,0.1571,0.0,0.1571,H_coll,,p_Si
1.3,0.1492,0.0,0.1492,H_coll,,p_Si
1.4,0.1423,0.0,0.1423,H_coll,,p_Si
1.5,0.1361,0.0,0.1361,H_coll,,p_Si
1.6,0.1305,0.0,0.1305,H_coll,,p_Si
1.7,0.1253,0.0,0.1253,H_coll,,p_Si
1.8,0.1207,0.0,0.1207,H_coll,,p_Si
2.0,0.1124,0.0,0.1124,H_coll,,p_Si
2.25,0.1037,0.0,0.1037,H_coll,,p_Si
2.5,0.09644,0.0,0.09644,H_coll,,p_Si
2.75,0.09023,0.0,0.09023,H_coll,,p_Si
3.0,0.08486,0.0,0.08486,H_coll,,p_Si
3.25,0.08018,0.0,0.08018,H_coll,,p_Si
3.5,0.07604,0.0,0.07604,H_coll,,p_Si
3.75,0.07236,0.0,0.07236,H_coll,,p_Si
4.0,0.06906,0.0,0.06906,H_coll,,p_Si
4.5,0.06338,0.0,0.06338,H_coll,,p_Si
5.0,0.05866,0.0,0.05866,H_coll,,p_Si
5.5,0.05466,0.0,0.05466,H_coll,,p_Si
6.0,0.05124,0.0,0.05124,H_coll,,p_Si
6.5,0.04826,0.0,0.04826,H_coll,,p_Si
7.0,0.04564,0.0,0.04564,H_coll,,p_Si
8.0,0.04125,0.0,0.04125,H_coll,,p_Si
9.0,0.03771,0.0,0.03771,H_coll,,p_Si
10.0,0.03479,0.0,0.03479,H_coll,,p_Si
11.0,0.03233,0.0,0.03233,H_coll,,p_Si
12.0,0.03023,0.0,0.03023,H_coll,,p_Si
13.0,0.02841,0.0,0.02841,H_coll,,p_Si
14.0,0.02682,0.0,0.02682,H_coll,,p_Si
15.0,0.02542,0.0,0.02542,H_coll,,p_Si
16.0,0.02417,0.0,0.02417,H_coll,,p_Si
17.0,0.02305,0.0,0.02305,H_coll,,p_Si
18.0,0.02204,0.0,0.02204,H_coll,,p_Si
20.0,0.02029,0.0,0.02029,H_coll,,p_Si
22.5,0.0185,0.0,0.0185,H_coll,,p_Si
25.0,0.01703,0.0,0.01703,H_coll,,p_Si
27.5,0.0158,0.0,0.0158,H_coll,,p_Si
30.0,0.01476,0.0,0.01476,H_coll,,p_Si
32.5,0.01386,0.0,0.01386,H_coll,,p_Si
35.0,0.01307,0.0,0.01307,H_coll,,p_Si
37.5,0.01238,0.0,0.01238,H_coll,,p_Si
40.0,0.01177,0.0,0.01177,H_coll,,p_Si
45.0,0.01074,0.0,0.01074,H_coll,,p_Si
50.0,0.009895,0.0,0.009895,H_coll,,p_Si
55.0,0.009191,0.0,0.009191,H_coll,,p_Si
60.0,0.008596,0.0,0.008596,H_coll,,p_Si
65.0,0.008085,0.0,0.008085,H_coll,,p_Si
70.0,0.007641,0.0,0.007641,H_coll,,p_Si
80.0,0.006909,0.0,0.006909,H_coll,,p_Si
90.0,0.006328,0.0,0.006328,H_coll,,p_Si
100.0,0.005857,0.0,0.005857,H_coll,,p_Si
110.0,0.005465,0.0,0.005465,H_coll,,p_Si
120.0,0.005135,0.0,0.005135,H_coll,,p_Si
130.0,0.004853,0.0,0.004853,H_coll,,p_Si
140.0,0.004609,0.0,0.004609,H_coll,,p_Si
150.0,0.004396,0.0,0.004396,H_coll,,p_Si
160.0,0.004208,0.0,0.004208,H_coll,,p_Si
170.0,0.004042,0.0,0.004042,H_coll,,p_Si
180.0,0.003892,0.0,0.003892,H_coll,,p_Si
200.0,0.003637,0.0,0.003637,H_coll,,p_Si
225.0,0.00338,0.0,0.00338,H_coll,,p_Si
250.0,0.003173,0.0,0.003173,H_coll,,p_Si
275.0,0.003002,0.0,0.003002,H_coll,,p_Si
300.0,0.00286,0.0,0.00286,H_coll,,p_Si
325.0,0.002739,0.0,0.002739,H_coll,,p_Si
350.0,0.002636,0.0,0.002636,H_coll,,p_Si
375.0,0.002546,0.0,0.002546,H_coll,,p_Si
400.0,0.002468,0.0,0.002468,H_coll,,p_Si
450.0,0.002338,0.0,0.002338,H_coll,,p_Si
500.0,0.002235,0.0,0.002235,H_coll,,p_Si
550.0,0.002152,0.0,0.002152,H_coll,,p_Si
600.0,0.002084,0.0,0.002084,H_coll,,p_Si
650.0,0.002027,0.0,0.002027,H_coll,,p_Si
700.0,0.001979,0.0,0.001979,H_coll,,p_Si
800.0,0.001904,0.0,0.001904,H_coll,,p_Si
900.0,0.001848,0.0,0.001848,H_coll,,p_Si
1000.0,0.001805,0.0,0.001805,H_coll,,p_Si
