model,product,parameter,n,probability,value,source_table
ost_134_1044_2007,fluence,log10_c,1,0.9,,B.1
ost_134_1044_2007,fluence,log10_c,1,0.75,,B.1
ost_134_1044_2007,fluence,log10_c,1,0.5,6.041,B.1
ost_134_1044_2007,fluence,log10_c,1,0.25,7.241,B.1
ost_134_1044_2007,fluence,log10_c,1,0.1,7.991,B.1
ost_134_1044_2007,fluence,log10_c,1,0.01,8.732,B.1
ost_134_1044_2007,fluence,log10_c,1,0.001,9.442,B.1
ost_134_1044_2007,fluence,log10_c,2,0.9,,B.1
ost_134_1044_2007,fluence,log10_c,2,0.75,6.076,B.1
ost_134_1044_2007,fluence,log10_c,2,0.5,7.041,B.1
ost_134_1044_2007,fluence,log10_c,2,0.25,7.775,B.1
ost_134_1044_2007,fluence,log10_c,2,0.1,8.253,B.1
ost_134_1044_2007,fluence,log10_c,2,0.01,8.983,B.1
ost_134_1044_2007,fluence,log10_c,2,0.001,9.6,B.1
ost_134_1044_2007,fluence,log10_c,4,0.9,6.378,B.1
ost_134_1044_2007,fluence,log10_c,4,0.75,6.972,B.1
ost_134_1044_2007,fluence,log10_c,4,0.5,7.87,B.1
ost_134_1044_2007,fluence,log10_c,4,0.25,8.173,B.1
ost_134_1044_2007,fluence,log10_c,4,0.1,8.571,B.1
ost_134_1044_2007,fluence,log10_c,4,0.01,9.236,B.1
ost_134_1044_2007,fluence,log10_c,4,0.001,9.732,B.1
ost_134_1044_2007,fluence,log10_c,8,0.9,7.324,B.1
ost_134_1044_2007,fluence,log10_c,8,0.75,7.874,B.1
ost_134_1044_2007,fluence,log10_c,8,0.5,8.22,B.1
ost_134_1044_2007,fluence,log10_c,8,0.25,8.52,B.1
ost_134_1044_2007,fluence,log10_c,8,0.1,8.82,B.1
ost_134_1044_2007,fluence,log10_c,8,0.01,9.442,B.1
ost_134_1044_2007,fluence,log10_c,8,0.001,9.86,B.1
ost_134_1044_2007,fluence,log10_c,16,0.9,8.14,B.1
ost_134_1044_2007,fluence,log10_c,16,0.75,8.38,B.1
ost_134_1044_2007,fluence,log10_c,16,0.5,8.63,B.1
ost_134_1044_2007,fluence,log10_c,16,0.25,8.859,B.1
ost_134_1044_2007,fluence,log10_c,16,0.1,9.01,B.1
ost_134_1044_2007,fluence,log10_c,16,0.01,9.647,B.1
ost_134_1044_2007,fluence,log10_c,16,0.001,9.982,B.1
ost_134_1044_2007,fluence,log10_c,32,0.9,8.64,B.1
ost_134_1044_2007,fluence,log10_c,32,0.75,8.82,B.1
ost_134_1044_2007,fluence,log10_c,32,0.5,8.986,B.1
ost_134_1044_2007,fluence,log10_c,32,0.25,9.137,B.1
ost_134_1044_2007,fluence,log10_c,32,0.1,9.367,B.1
ost_134_1044_2007,fluence,log10_c,32,0.01,9.81,B.1
ost_134_1044_2007,fluence,log10_c,32,0.001,10.19,B.1
ost_134_1044_2007,fluence,log10_c,64,0.9,9.037,B.1
ost_134_1044_2007,fluence,log10_c,64,0.75,9.176,B.1
ost_134_1044_2007,fluence,log10_c,64,0.5,9.322,B.1
ost_134_1044_2007,fluence,log10_c,64,0.25,9.465,B.1
ost_134_1044_2007,fluence,log10_c,64,0.1,9.671,B.1
ost_134_1044_2007,fluence,log10_c,64,0.01,9.978,B.1
ost_134_1044_2007,fluence,log10_c,64,0.001,10.21,B.1
ost_134_1044_2007,fluence,log10_c,128,0.9,9.441,B.1
ost_134_1044_2007,fluence,log10_c,128,0.75,9.556,B.1
ost_134_1044_2007,fluence,log10_c,128,0.5,9.658,B.1
ost_134_1044_2007,fluence,log10_c,128,0.25,9.799,B.1
ost_134_1044_2007,fluence,log10_c,128,0.1,9.942,B.1
ost_134_1044_2007,fluence,log10_c,128,0.01,10.127,B.1
ost_134_1044_2007,fluence,log10_c,128,0.001,10.32,B.1
ost_134_1044_2007,fluence,log10_c,256,0.9,9.829,B.1
ost_134_1044_2007,fluence,log10_c,256,0.75,9.899,B.1
ost_134_1044_2007,fluence,log10_c,256,0.5,9.989,B.1
ost_134_1044_2007,fluence,log10_c,256,0.25,10.104,B.1
ost_134_1044_2007,fluence,log10_c,256,0.1,10.199,B.1
ost_134_1044_2007,fluence,log10_c,256,0.01,10.36,B.1
ost_134_1044_2007,fluence,log10_c,256,0.001,10.44,B.1
ost_134_1044_2007,fluence,log10_c,512,0.9,10.143,B.1
ost_134_1044_2007,fluence,log10_c,512,0.75,10.233,B.1
ost_134_1044_2007,fluence,log10_c,512,0.5,10.303,B.1
ost_134_1044_2007,fluence,log10_c,512,0.25,10.405,B.1
ost_134_1044_2007,fluence,log10_c,512,0.1,10.479,B.1
ost_134_1044_2007,fluence,log10_c,512,0.01,10.577,B.1
ost_134_1044_2007,fluence,log10_c,512,0.001,10.613,B.1
ost_134_1044_2007,fluence,break_energy_mev,1,0.9,,B.2
ost_134_1044_2007,fluence,break_energy_mev,1,0.75,,B.2
ost_134_1044_2007,fluence,break_energy_mev,1,0.5,9.715,B.2
ost_134_1044_2007,fluence,break_energy_mev,1,0.25,8.279,B.2
ost_134_1044_2007,fluence,break_energy_mev,1,0.1,9.636,B.2
ost_134_1044_2007,fluence,break_energy_mev,1,0.01,18.24,B.2
ost_134_1044_2007,fluence,break_energy_mev,1,0.001,16.067,B.2
ost_134_1044_2007,fluence,break_energy_mev,2,0.9,,B.2
ost_134_1044_2007,fluence,break_energy_mev,2,0.75,9.809,B.2
ost_134_1044_2007,fluence,break_energy_mev,2,0.5,8.7,B.2
ost_134_1044_2007,fluence,break_energy_mev,2,0.25,9.9,B.2
ost_134_1044_2007,fluence,break_energy_mev,2,0.1,12.732,B.2
ost_134_1044_2007,fluence,break_energy_mev,2,0.01,17.54,B.2
ost_134_1044_2007,fluence,break_energy_mev,2,0.001,15.756,B.2
ost_134_1044_2007,fluence,break_energy_mev,4,0.9,9.9,B.2
ost_134_1044_2007,fluence,break_energy_mev,4,0.75,9.5,B.2
ost_134_1044_2007,fluence,break_energy_mev,4,0.5,8.5,B.2
ost_134_1044_2007,fluence,break_energy_mev,4,0.25,11.689,B.2
ost_134_1044_2007,fluence,break_energy_mev,4,0.1,14.38,B.2
ost_134_1044_2007,fluence,break_energy_mev,4,0.01,16.72,B.2
ost_134_1044_2007,fluence,break_energy_mev,4,0.001,15.182,B.2
ost_134_1044_2007,fluence,break_energy_mev,8,0.9,9.545,B.2
ost_134_1044_2007,fluence,break_energy_mev,8,0.75,8.946,B.2
ost_134_1044_2007,fluence,break_energy_mev,8,0.5,9.5,B.2
ost_134_1044_2007,fluence,break_energy_mev,8,0.25,13.25,B.2
ost_134_1044_2007,fluence,break_energy_mev,8,0.1,16.5,B.2
ost_134_1044_2007,fluence,break_energy_mev,8,0.01,16.092,B.2
ost_134_1044_2007,fluence,break_energy_mev,8,0.001,14.518,B.2
ost_134_1044_2007,fluence,break_energy_mev,16,0.9,7.983,B.2
ost_134_1044_2007,fluence,break_energy_mev,16,0.75,8.5,B.2
ost_134_1044_2007,fluence,break_energy_mev,16,0.5,12.1,B.2
ost_134_1044_2007,fluence,break_energy_mev,16,0.25,14.454,B.2
ost_134_1044_2007,fluence,break_energy_mev,16,0.1,16.8,B.2
ost_134_1044_2007,fluence,break_energy_mev,16,0.01,15.449,B.2
ost_134_1044_2007,fluence,break_energy_mev,16,0.001,14.455,B.2
ost_134_1044_2007,fluence,break_energy_mev,32,0.9,9.429,B.2
ost_134_1044_2007,fluence,break_energy_mev,32,0.75,12.087,B.2
ost_134_1044_2007,fluence,break_energy_mev,32,0.5,13.321,B.2
ost_134_1044_2007,fluence,break_energy_mev,32,0.25,15.2,B.2
ost_134_1044_2007,fluence,break_energy_mev,32,0.1,15.97,B.2
ost_134_1044_2007,fluence,break_energy_mev,32,0.01,14.782,B.2
ost_134_1044_2007,fluence,break_energy_mev,32,0.001,14.373,B.2
ost_134_1044_2007,fluence,break_energy_mev,64,0.9,12.123,B.2
ost_134_1044_2007,fluence,break_energy_mev,64,0.75,12.898,B.2
ost_134_1044_2007,fluence,break_energy_mev,64,0.5,13.7,B.2
ost_134_1044_2007,fluence,break_energy_mev,64,0.25,14.992,B.2
ost_134_1044_2007,fluence,break_energy_mev,64,0.1,14.645,B.2
ost_134_1044_2007,fluence,break_energy_mev,64,0.01,14.562,B.2
ost_134_1044_2007,fluence,break_energy_mev,64,0.001,14.58,B.2
ost_134_1044_2007,fluence,break_energy_mev,128,0.9,13.185,B.2
ost_134_1044_2007,fluence,break_energy_mev,128,0.75,13.424,B.2
ost_134_1044_2007,fluence,break_energy_mev,128,0.5,14.179,B.2
ost_134_1044_2007,fluence,break_energy_mev,128,0.25,14.397,B.2
ost_134_1044_2007,fluence,break_energy_mev,128,0.1,14.276,B.2
ost_134_1044_2007,fluence,break_energy_mev,128,0.01,14.468,B.2
ost_134_1044_2007,fluence,break_energy_mev,128,0.001,14.8,B.2
ost_134_1044_2007,fluence,break_energy_mev,256,0.9,13.499,B.2
ost_134_1044_2007,fluence,break_energy_mev,256,0.75,13.745,B.2
ost_134_1044_2007,fluence,break_energy_mev,256,0.5,14.083,B.2
ost_134_1044_2007,fluence,break_energy_mev,256,0.25,14.087,B.2
ost_134_1044_2007,fluence,break_energy_mev,256,0.1,14.024,B.2
ost_134_1044_2007,fluence,break_energy_mev,256,0.01,13.984,B.2
ost_134_1044_2007,fluence,break_energy_mev,256,0.001,14.918,B.2
ost_134_1044_2007,fluence,break_energy_mev,512,0.9,14.384,B.2
ost_134_1044_2007,fluence,break_energy_mev,512,0.75,13.992,B.2
ost_134_1044_2007,fluence,break_energy_mev,512,0.5,14.152,B.2
ost_134_1044_2007,fluence,break_energy_mev,512,0.25,13.698,B.2
ost_134_1044_2007,fluence,break_energy_mev,512,0.1,13.596,B.2
ost_134_1044_2007,fluence,break_energy_mev,512,0.01,13.672,B.2
ost_134_1044_2007,fluence,break_energy_mev,512,0.001,14.757,B.2
ost_134_1044_2007,fluence,gamma1,1,0.9,,B.3
ost_134_1044_2007,fluence,gamma1,1,0.75,,B.3
ost_134_1044_2007,fluence,gamma1,1,0.5,1.681,B.3
ost_134_1044_2007,fluence,gamma1,1,0.25,1.619,B.3
ost_134_1044_2007,fluence,gamma1,1,0.1,1.464,B.3
ost_134_1044_2007,fluence,gamma1,1,0.01,1.375,B.3
ost_134_1044_2007,fluence,gamma1,1,0.001,1.398,B.3
ost_134_1044_2007,fluence,gamma1,2,0.9,,B.3
ost_134_1044_2007,fluence,gamma1,2,0.75,1.677,B.3
ost_134_1044_2007,fluence,gamma1,2,0.5,1.671,B.3
ost_134_1044_2007,fluence,gamma1,2,0.25,1.538,B.3
ost_134_1044_2007,fluence,gamma1,2,0.1,1.42,B.3
ost_134_1044_2007,fluence,gamma1,2,0.01,1.375,B.3
ost_134_1044_2007,fluence,gamma1,2,0.001,1.418,B.3
ost_134_1044_2007,fluence,gamma1,4,0.9,1.71,B.3
ost_134_1044_2007,fluence,gamma1,4,0.75,1.64,B.3
ost_134_1044_2007,fluence,gamma1,4,0.5,1.53,B.3
ost_134_1044_2007,fluence,gamma1,4,0.25,1.461,B.3
ost_134_1044_2007,fluence,gamma1,4,0.1,1.4,B.3
ost_134_1044_2007,fluence,gamma1,4,0.01,1.38,B.3
ost_134_1044_2007,fluence,gamma1,4,0.001,1.44,B.3
ost_134_1044_2007,fluence,gamma1,8,0.9,1.674,B.3
ost_134_1044_2007,fluence,gamma1,8,0.75,1.583,B.3
ost_134_1044_2007,fluence,gamma1,8,0.5,1.49,B.3
ost_134_1044_2007,fluence,gamma1,8,0.25,1.43,B.3
ost_134_1044_2007,fluence,gamma1,8,0.1,1.392,B.3
ost_134_1044_2007,fluence,gamma1,8,0.01,1.39,B.3
ost_134_1044_2007,fluence,gamma1,8,0.001,1.46,B.3
ost_134_1044_2007,fluence,gamma1,16,0.9,1.549,B.3
ost_134_1044_2007,fluence,gamma1,16,0.75,1.472,B.3
ost_134_1044_2007,fluence,gamma1,16,0.5,1.449,B.3
ost_134_1044_2007,fluence,gamma1,16,0.25,1.4,B.3
ost_134_1044_2007,fluence,gamma1,16,0.1,1.39,B.3
ost_134_1044_2007,fluence,gamma1,16,0.01,1.4,B.3
ost_134_1044_2007,fluence,gamma1,16,0.001,1.48,B.3
ost_134_1044_2007,fluence,gamma1,32,0.9,1.48,B.3
ost_134_1044_2007,fluence,gamma1,32,0.75,1.45,B.3
ost_134_1044_2007,fluence,gamma1,32,0.5,1.43,B.3
ost_134_1044_2007,fluence,gamma1,32,0.25,1.4,B.3
ost_134_1044_2007,fluence,gamma1,32,0.1,1.389,B.3
ost_134_1044_2007,fluence,gamma1,32,0.01,1.42,B.3
ost_134_1044_2007,fluence,gamma1,32,0.001,1.507,B.3
ost_134_1044_2007,fluence,gamma1,64,0.9,1.44,B.3
ost_134_1044_2007,fluence,gamma1,64,0.75,1.433,B.3
ost_134_1044_2007,fluence,gamma1,64,0.5,1.409,B.3
ost_134_1044_2007,fluence,gamma1,64,0.25,1.402,B.3
ost_134_1044_2007,fluence,gamma1,64,0.1,1.392,B.3
ost_134_1044_2007,fluence,gamma1,64,0.01,1.44,B.3
ost_134_1044_2007,fluence,gamma1,64,0.001,1.53,B.3
ost_134_1044_2007,fluence,gamma1,128,0.9,1.434,B.3
ost_134_1044_2007,fluence,gamma1,128,0.75,1.418,B.3
ost_134_1044_2007,fluence,gamma1,128,0.5,1.409,B.3
ost_134_1044_2007,fluence,gamma1,128,0.25,1.398,B.3
ost_134_1044_2007,fluence,gamma1,128,0.1,1.4,B.3
ost_134_1044_2007,fluence,gamma1,128,0.01,1.45,B.3
ost_134_1044_2007,fluence,gamma1,128,0.001,1.542,B.3
ost_134_1044_2007,fluence,gamma1,256,0.9,1.42,B.3
ost_134_1044_2007,fluence,gamma1,256,0.75,1.412,B.3
ost_134_1044_2007,fluence,gamma1,256,0.5,1.406,B.3
ost_134_1044_2007,fluence,gamma1,256,0.25,1.4,B.3
ost_134_1044_2007,fluence,gamma1,256,0.1,1.411,B.3
ost_134_1044_2007,fluence,gamma1,256,0.01,1.45,B.3
ost_134_1044_2007,fluence,gamma1,256,0.001,1.537,B.3
ost_134_1044_2007,fluence,gamma1,512,0.9,1.421,B.3
ost_134_1044_2007,fluence,gamma1,512,0.75,1.411,B.3
ost_134_1044_2007,fluence,gamma1,512,0.5,1.408,B.3
ost_134_1044_2007,fluence,gamma1,512,0.25,1.407,B.3
ost_134_1044_2007,fluence,gamma1,512,0.1,1.412,B.3
ost_134_1044_2007,fluence,gamma1,512,0.01,1.451,B.3
ost_134_1044_2007,fluence,gamma1,512,0.001,1.477,B.3
ost_134_1044_2007,fluence,gamma2,1,0.9,,B.4
ost_134_1044_2007,fluence,gamma2,1,0.75,,B.4
ost_134_1044_2007,fluence,gamma2,1,0.5,3.218,B.4
ost_134_1044_2007,fluence,gamma2,1,0.25,3.089,B.4
ost_134_1044_2007,fluence,gamma2,1,0.1,2.986,B.4
ost_134_1044_2007,fluence,gamma2,1,0.01,2.772,B.4
ost_134_1044_2007,fluence,gamma2,1,0.001,2.56,B.4
ost_134_1044_2007,fluence,gamma2,2,0.9,,B.4
ost_134_1044_2007,fluence,gamma2,2,0.75,3.217,B.4
ost_134_1044_2007,fluence,gamma2,2,0.5,3.12,B.4
ost_134_1044_2007,fluence,gamma2,2,0.25,3.027,B.4
ost_134_1044_2007,fluence,gamma2,2,0.1,2.91,B.4
ost_134_1044_2007,fluence,gamma2,2,0.01,2.689,B.4
ost_134_1044_2007,fluence,gamma2,2,0.001,2.507,B.4
ost_134_1044_2007,fluence,gamma2,4,0.9,3.192,B.4
ost_134_1044_2007,fluence,gamma2,4,0.75,3.15,B.4
ost_134_1044_2007,fluence,gamma2,4,0.5,3.05,B.4
ost_134_1044_2007,fluence,gamma2,4,0.25,2.97,B.4
ost_134_1044_2007,fluence,gamma2,4,0.1,2.84,B.4
ost_134_1044_2007,fluence,gamma2,4,0.01,2.61,B.4
ost_134_1044_2007,fluence,gamma2,4,0.001,2.47,B.4
ost_134_1044_2007,fluence,gamma2,8,0.9,3.136,B.4
ost_134_1044_2007,fluence,gamma2,8,0.75,3.065,B.4
ost_134_1044_2007,fluence,gamma2,8,0.5,2.98,B.4
ost_134_1044_2007,fluence,gamma2,8,0.25,2.9,B.4
ost_134_1044_2007,fluence,gamma2,8,0.1,2.87,B.4
ost_134_1044_2007,fluence,gamma2,8,0.01,2.556,B.4
ost_134_1044_2007,fluence,gamma2,8,0.001,2.425,B.4
ost_134_1044_2007,fluence,gamma2,16,0.9,3.06,B.4
ost_134_1044_2007,fluence,gamma2,16,0.75,2.99,B.4
ost_134_1044_2007,fluence,gamma2,16,0.5,2.92,B.4
ost_134_1044_2007,fluence,gamma2,16,0.25,2.837,B.4
ost_134_1044_2007,fluence,gamma2,16,0.1,2.7,B.4
ost_134_1044_2007,fluence,gamma2,16,0.01,2.52,B.4
ost_134_1044_2007,fluence,gamma2,16,0.001,2.39,B.4
ost_134_1044_2007,fluence,gamma2,32,0.9,3,B.4
ost_134_1044_2007,fluence,gamma2,32,0.75,2.94,B.4
ost_134_1044_2007,fluence,gamma2,32,0.5,2.87,B.4
ost_134_1044_2007,fluence,gamma2,32,0.25,2.779,B.4
ost_134_1044_2007,fluence,gamma2,32,0.1,2.65,B.4
ost_134_1044_2007,fluence,gamma2,32,0.01,2.5,B.4
ost_134_1044_2007,fluence,gamma2,32,0.001,2.36,B.4
ost_134_1044_2007,fluence,gamma2,64,0.9,2.95,B.4
ost_134_1044_2007,fluence,gamma2,64,0.75,2.87,B.4
ost_134_1044_2007,fluence,gamma2,64,0.5,2.803,B.4
ost_134_1044_2007,fluence,gamma2,64,0.25,2.73,B.4
ost_134_1044_2007,fluence,gamma2,64,0.1,2.62,B.4
ost_134_1044_2007,fluence,gamma2,64,0.01,2.474,B.4
ost_134_1044_2007,fluence,gamma2,64,0.001,2.35,B.4
ost_134_1044_2007,fluence,gamma2,128,0.9,2.906,B.4
ost_134_1044_2007,fluence,gamma2,128,0.75,2.822,B.4
ost_134_1044_2007,fluence,gamma2,128,0.5,2.757,B.4
ost_134_1044_2007,fluence,gamma2,128,0.25,2.675,B.4
ost_134_1044_2007,fluence,gamma2,128,0.1,2.602,B.4
ost_134_1044_2007,fluence,gamma2,128,0.01,2.46,B.4
ost_134_1044_2007,fluence,gamma2,128,0.001,2.36,B.4
ost_134_1044_2007,fluence,gamma2,256,0.9,2.859,B.4
ost_134_1044_2007,fluence,gamma2,256,0.75,2.777,B.4
ost_134_1044_2007,fluence,gamma2,256,0.5,2.718,B.4
ost_134_1044_2007,fluence,gamma2,256,0.25,2.655,B.4
ost_134_1044_2007,fluence,gamma2,256,0.1,2.593,B.4
ost_134_1044_2007,fluence,gamma2,256,0.01,2.46,B.4
ost_134_1044_2007,fluence,gamma2,256,0.001,2.4,B.4
ost_134_1044_2007,fluence,gamma2,512,0.9,2.809,B.4
ost_134_1044_2007,fluence,gamma2,512,0.75,2.743,B.4
ost_134_1044_2007,fluence,gamma2,512,0.5,2.699,B.4
ost_134_1044_2007,fluence,gamma2,512,0.25,2.641,B.4
ost_134_1044_2007,fluence,gamma2,512,0.1,2.58,B.4
ost_134_1044_2007,fluence,gamma2,512,0.01,2.469,B.4
ost_134_1044_2007,fluence,gamma2,512,0.001,2.44,B.4
ost_134_1044_2007,peak_flux,log10_c,1,0.9,,B.5
ost_134_1044_2007,peak_flux,log10_c,1,0.75,,B.5
ost_134_1044_2007,peak_flux,log10_c,1,0.5,0.19,B.5
ost_134_1044_2007,peak_flux,log10_c,1,0.25,1.34,B.5
ost_134_1044_2007,peak_flux,log10_c,1,0.1,2.037,B.5
ost_134_1044_2007,peak_flux,log10_c,1,0.01,2.882,B.5
ost_134_1044_2007,peak_flux,log10_c,1,0.001,3.617,B.5
ost_134_1044_2007,peak_flux,log10_c,2,0.9,,B.5
ost_134_1044_2007,peak_flux,log10_c,2,0.75,0.238,B.5
ost_134_1044_2007,peak_flux,log10_c,2,0.5,1.097,B.5
ost_134_1044_2007,peak_flux,log10_c,2,0.25,1.8,B.5
ost_134_1044_2007,peak_flux,log10_c,2,0.1,2.32,B.5
ost_134_1044_2007,peak_flux,log10_c,2,0.01,3.124,B.5
ost_134_1044_2007,peak_flux,log10_c,2,0.001,3.799,B.5
ost_134_1044_2007,peak_flux,log10_c,4,0.9,0.668,B.5
ost_134_1044_2007,peak_flux,log10_c,4,0.75,1.111,B.5
ost_134_1044_2007,peak_flux,log10_c,4,0.5,1.744,B.5
ost_134_1044_2007,peak_flux,log10_c,4,0.25,2.16,B.5
ost_134_1044_2007,peak_flux,log10_c,4,0.1,2.56,B.5
ost_134_1044_2007,peak_flux,log10_c,4,0.01,3.34,B.5
ost_134_1044_2007,peak_flux,log10_c,4,0.001,3.945,B.5
ost_134_1044_2007,peak_flux,log10_c,8,0.9,1.356,B.5
ost_134_1044_2007,peak_flux,log10_c,8,0.75,1.72,B.5
ost_134_1044_2007,peak_flux,log10_c,8,0.5,2.08,B.5
ost_134_1044_2007,peak_flux,log10_c,8,0.25,2.42,B.5
ost_134_1044_2007,peak_flux,log10_c,8,0.1,2.8,B.5
ost_134_1044_2007,peak_flux,log10_c,8,0.01,3.54,B.5
ost_134_1044_2007,peak_flux,log10_c,8,0.001,4.134,B.5
ost_134_1044_2007,peak_flux,log10_c,16,0.9,1.82,B.5
ost_134_1044_2007,peak_flux,log10_c,16,0.75,2.07,B.5
ost_134_1044_2007,peak_flux,log10_c,16,0.5,2.36,B.5
ost_134_1044_2007,peak_flux,log10_c,16,0.25,2.682,B.5
ost_134_1044_2007,peak_flux,log10_c,16,0.1,3.037,B.5
ost_134_1044_2007,peak_flux,log10_c,16,0.01,3.723,B.5
ost_134_1044_2007,peak_flux,log10_c,16,0.001,4.27,B.5
ost_134_1044_2007,peak_flux,log10_c,32,0.9,2.15,B.5
ost_134_1044_2007,peak_flux,log10_c,32,0.75,2.33,B.5
ost_134_1044_2007,peak_flux,log10_c,32,0.5,2.6,B.5
ost_134_1044_2007,peak_flux,log10_c,32,0.25,2.921,B.5
ost_134_1044_2007,peak_flux,log10_c,32,0.1,3.279,B.5
ost_134_1044_2007,peak_flux,log10_c,32,0.01,3.893,B.5
ost_134_1044_2007,peak_flux,log10_c,32,0.001,4.43,B.5
ost_134_1044_2007,peak_flux,log10_c,64,0.9,2.387,B.5
ost_134_1044_2007,peak_flux,log10_c,64,0.75,2.585,B.5
ost_134_1044_2007,peak_flux,log10_c,64,0.5,2.868,B.5
ost_134_1044_2007,peak_flux,log10_c,64,0.25,3.182,B.5
ost_134_1044_2007,peak_flux,log10_c,64,0.1,3.5,B.5
ost_134_1044_2007,peak_flux,log10_c,64,0.01,4.064,B.5
ost_134_1044_2007,peak_flux,log10_c,64,0.001,4.57,B.5
ost_134_1044_2007,peak_flux,log10_c,128,0.9,2.678,B.5
ost_134_1044_2007,peak_flux,log10_c,128,0.75,2.845,B.5
ost_134_1044_2007,peak_flux,log10_c,128,0.5,3.072,B.5
ost_134_1044_2007,peak_flux,log10_c,128,0.25,3.401,B.5
ost_134_1044_2007,peak_flux,log10_c,128,0.1,3.684,B.5
ost_134_1044_2007,peak_flux,log10_c,128,0.01,4.253,B.5
ost_134_1044_2007,peak_flux,log10_c,128,0.001,4.7,B.5
ost_134_1044_2007,peak_flux,log10_c,256,0.9,2.93,B.5
ost_134_1044_2007,peak_flux,log10_c,256,0.75,3.083,B.5
ost_134_1044_2007,peak_flux,log10_c,256,0.5,3.348,B.5
ost_134_1044_2007,peak_flux,log10_c,256,0.25,3.6,B.5
ost_134_1044_2007,peak_flux,log10_c,256,0.1,3.852,B.5
ost_134_1044_2007,peak_flux,log10_c,256,0.01,4.39,B.5
ost_134_1044_2007,peak_flux,log10_c,256,0.001,4.78,B.5
ost_134_1044_2007,peak_flux,log10_c,512,0.9,3.111,B.5
ost_134_1044_2007,peak_flux,log10_c,512,0.75,3.316,B.5
ost_134_1044_2007,peak_flux,log10_c,512,0.5,3.549,B.5
ost_134_1044_2007,peak_flux,log10_c,512,0.25,3.79,B.5
ost_134_1044_2007,peak_flux,log10_c,512,0.1,3.989,B.5
ost_134_1044_2007,peak_flux,log10_c,512,0.01,4.52,B.5
ost_134_1044_2007,peak_flux,log10_c,512,0.001,4.87,B.5
ost_134_1044_2007,peak_flux,break_energy_mev,1,0.9,,B.6
ost_134_1044_2007,peak_flux,break_energy_mev,1,0.75,,B.6
ost_134_1044_2007,peak_flux,break_energy_mev,1,0.5,9.872,B.6
ost_134_1044_2007,peak_flux,break_energy_mev,1,0.25,8.642,B.6
ost_134_1044_2007,peak_flux,break_energy_mev,1,0.1,10.86,B.6
ost_134_1044_2007,peak_flux,break_energy_mev,1,0.01,19.52,B.6
ost_134_1044_2007,peak_flux,break_energy_mev,1,0.001,16.76,B.6
ost_134_1044_2007,peak_flux,break_energy_mev,2,0.9,,B.6
ost_134_1044_2007,peak_flux,break_energy_mev,2,0.75,9.356,B.6
ost_134_1044_2007,peak_flux,break_energy_mev,2,0.5,9.059,B.6
ost_134_1044_2007,peak_flux,break_energy_mev,2,0.25,8.333,B.6
ost_134_1044_2007,peak_flux,break_energy_mev,2,0.1,14.2,B.6
ost_134_1044_2007,peak_flux,break_energy_mev,2,0.01,18.8,B.6
ost_134_1044_2007,peak_flux,break_energy_mev,2,0.001,15.83,B.6
ost_134_1044_2007,peak_flux,break_energy_mev,4,0.9,7.979,B.6
ost_134_1044_2007,peak_flux,break_energy_mev,4,0.75,8.854,B.6
ost_134_1044_2007,peak_flux,break_energy_mev,4,0.5,9.7,B.6
ost_134_1044_2007,peak_flux,break_energy_mev,4,0.25,12.73,B.6
ost_134_1044_2007,peak_flux,break_energy_mev,4,0.1,17.7,B.6
ost_134_1044_2007,peak_flux,break_energy_mev,4,0.01,17.81,B.6
ost_134_1044_2007,peak_flux,break_energy_mev,4,0.001,15,B.6
ost_134_1044_2007,peak_flux,break_energy_mev,8,0.9,8.334,B.6
ost_134_1044_2007,peak_flux,break_energy_mev,8,0.75,8.957,B.6
ost_134_1044_2007,peak_flux,break_energy_mev,8,0.5,12.12,B.6
ost_134_1044_2007,peak_flux,break_energy_mev,8,0.25,15.6,B.6
ost_134_1044_2007,peak_flux,break_energy_mev,8,0.1,18.5,B.6
ost_134_1044_2007,peak_flux,break_energy_mev,8,0.01,16.85,B.6
ost_134_1044_2007,peak_flux,break_energy_mev,8,0.001,13.9,B.6
ost_134_1044_2007,peak_flux,break_energy_mev,16,0.9,8.915,B.6
ost_134_1044_2007,peak_flux,break_energy_mev,16,0.75,11.91,B.6
ost_134_1044_2007,peak_flux,break_energy_mev,16,0.5,13.9,B.6
ost_134_1044_2007,peak_flux,break_energy_mev,16,0.25,18.3,B.6
ost_134_1044_2007,peak_flux,break_energy_mev,16,0.1,19.13,B.6
ost_134_1044_2007,peak_flux,break_energy_mev,16,0.01,16.1,B.6
ost_134_1044_2007,peak_flux,break_energy_mev,16,0.001,13.1,B.6
ost_134_1044_2007,peak_flux,break_energy_mev,32,0.9,12.6,B.6
ost_134_1044_2007,peak_flux,break_energy_mev,32,0.75,15.2,B.6
ost_134_1044_2007,peak_flux,break_energy_mev,32,0.5,18.28,B.6
ost_134_1044_2007,peak_flux,break_energy_mev,32,0.25,19.2,B.6
ost_134_1044_2007,peak_flux,break_energy_mev,32,0.1,18.21,B.6
ost_134_1044_2007,peak_flux,break_energy_mev,32,0.01,15.25,B.6
ost_134_1044_2007,peak_flux,break_energy_mev,32,0.001,12.71,B.6
ost_134_1044_2007,peak_flux,break_energy_mev,64,0.9,17.016,B.6
ost_134_1044_2007,peak_flux,break_energy_mev,64,0.75,18.4,B.6
ost_134_1044_2007,peak_flux,break_energy_mev,64,0.5,19.33,B.6
ost_134_1044_2007,peak_flux,break_energy_mev,64,0.25,18.78,B.6
ost_134_1044_2007,peak_flux,break_energy_mev,64,0.1,16.85,B.6
ost_134_1044_2007,peak_flux,break_energy_mev,64,0.01,14.15,B.6
ost_134_1044_2007,peak_flux,break_energy_mev,64,0.001,10.8,B.6
ost_134_1044_2007,peak_flux,break_energy_mev,128,0.9,19.096,B.6
ost_134_1044_2007,peak_flux,break_energy_mev,128,0.75,19.78,B.6
ost_134_1044_2007,peak_flux,break_energy_mev,128,0.5,19.78,B.6
ost_134_1044_2007,peak_flux,break_energy_mev,128,0.25,17.6,B.6
ost_134_1044_2007,peak_flux,break_energy_mev,128,0.1,16.06,B.6
ost_134_1044_2007,peak_flux,break_energy_mev,128,0.01,12.97,B.6
ost_134_1044_2007,peak_flux,break_energy_mev,128,0.001,9.7,B.6
ost_134_1044_2007,peak_flux,break_energy_mev,256,0.9,19.765,B.6
ost_134_1044_2007,peak_flux,break_energy_mev,256,0.75,19.71,B.6
ost_134_1044_2007,peak_flux,break_energy_mev,256,0.5,18.5,B.6
ost_134_1044_2007,peak_flux,break_energy_mev,256,0.25,16.7,B.6
ost_134_1044_2007,peak_flux,break_energy_mev,256,0.1,15.5,B.6
ost_134_1044_2007,peak_flux,break_energy_mev,256,0.01,12,B.6
ost_134_1044_2007,peak_flux,break_energy_mev,256,0.001,8.8,B.6
ost_134_1044_2007,peak_flux,break_energy_mev,512,0.9,20.513,B.6
ost_134_1044_2007,peak_flux,break_energy_mev,512,0.75,18.58,B.6
ost_134_1044_2007,peak_flux,break_energy_mev,512,0.5,16.8,B.6
ost_134_1044_2007,peak_flux,break_energy_mev,512,0.25,15.63,B.6
ost_134_1044_2007,peak_flux,break_energy_mev,512,0.1,14.84,B.6
ost_134_1044_2007,peak_flux,break_energy_mev,512,0.01,11.11,B.6
ost_134_1044_2007,peak_flux,break_energy_mev,512,0.001,7.8,B.6
ost_134_1044_2007,peak_flux,gamma1,1,0.9,,B.7
ost_134_1044_2007,peak_flux,gamma1,1,0.75,,B.7
ost_134_1044_2007,peak_flux,gamma1,1,0.5,1.65,B.7
ost_134_1044_2007,peak_flux,gamma1,1,0.25,1.601,B.7
ost_134_1044_2007,peak_flux,gamma1,1,0.1,1.459,B.7
ost_134_1044_2007,peak_flux,gamma1,1,0.01,1.349,B.7
ost_134_1044_2007,peak_flux,gamma1,1,0.001,1.394,B.7
ost_134_1044_2007,peak_flux,gamma1,2,0.9,,B.7
ost_134_1044_2007,peak_flux,gamma1,2,0.75,1.65,B.7
ost_134_1044_2007,peak_flux,gamma1,2,0.5,1.59,B.7
ost_134_1044_2007,peak_flux,gamma1,2,0.25,1.49,B.7
ost_134_1044_2007,peak_flux,gamma1,2,0.1,1.393,B.7
ost_134_1044_2007,peak_flux,gamma1,2,0.01,1.351,B.7
ost_134_1044_2007,peak_flux,gamma1,2,0.001,1.424,B.7
ost_134_1044_2007,peak_flux,gamma1,4,0.9,1.644,B.7
ost_134_1044_2007,peak_flux,gamma1,4,0.75,1.59,B.7
ost_134_1044_2007,peak_flux,gamma1,4,0.5,1.522,B.7
ost_134_1044_2007,peak_flux,gamma1,4,0.25,1.426,B.7
ost_134_1044_2007,peak_flux,gamma1,4,0.1,1.374,B.7
ost_134_1044_2007,peak_flux,gamma1,4,0.01,1.365,B.7
ost_134_1044_2007,peak_flux,gamma1,4,0.001,1.454,B.7
ost_134_1044_2007,peak_flux,gamma1,8,0.9,1.6,B.7
ost_134_1044_2007,peak_flux,gamma1,8,0.75,1.51,B.7
ost_134_1044_2007,peak_flux,gamma1,8,0.5,1.45,B.7
ost_134_1044_2007,peak_flux,gamma1,8,0.25,1.4,B.7
ost_134_1044_2007,peak_flux,gamma1,8,0.1,1.353,B.7
ost_134_1044_2007,peak_flux,gamma1,8,0.01,1.385,B.7
ost_134_1044_2007,peak_flux,gamma1,8,0.001,1.48,B.7
ost_134_1044_2007,peak_flux,gamma1,16,0.9,1.51,B.7
ost_134_1044_2007,peak_flux,gamma1,16,0.75,1.43,B.7
ost_134_1044_2007,peak_flux,gamma1,16,0.5,1.4,B.7
ost_134_1044_2007,peak_flux,gamma1,16,0.25,1.37,B.7
ost_134_1044_2007,peak_flux,gamma1,16,0.1,1.354,B.7
ost_134_1044_2007,peak_flux,gamma1,16,0.01,1.41,B.7
ost_134_1044_2007,peak_flux,gamma1,16,0.001,1.514,B.7
ost_134_1044_2007,peak_flux,gamma1,32,0.9,1.434,B.7
ost_134_1044_2007,peak_flux,gamma1,32,0.75,1.382,B.7
ost_134_1044_2007,peak_flux,gamma1,32,0.5,1.37,B.7
ost_134_1044_2007,peak_flux,gamma1,32,0.25,1.36,B.7
ost_134_1044_2007,peak_flux,gamma1,32,0.1,1.356,B.7
ost_134_1044_2007,peak_flux,gamma1,32,0.01,1.445,B.7
ost_134_1044_2007,peak_flux,gamma1,32,0.001,1.57,B.7
ost_134_1044_2007,peak_flux,gamma1,64,0.9,1.379,B.7
ost_134_1044_2007,peak_flux,gamma1,64,0.75,1.36,B.7
ost_134_1044_2007,peak_flux,gamma1,64,0.5,1.36,B.7
ost_134_1044_2007,peak_flux,gamma1,64,0.25,1.346,B.7
ost_134_1044_2007,peak_flux,gamma1,64,0.1,1.366,B.7
ost_134_1044_2007,peak_flux,gamma1,64,0.01,1.48,B.7
ost_134_1044_2007,peak_flux,gamma1,64,0.001,1.65,B.7
ost_134_1044_2007,peak_flux,gamma1,128,0.9,1.333,B.7
ost_134_1044_2007,peak_flux,gamma1,128,0.75,1.338,B.7
ost_134_1044_2007,peak_flux,gamma1,128,0.5,1.352,B.7
ost_134_1044_2007,peak_flux,gamma1,128,0.25,1.36,B.7
ost_134_1044_2007,peak_flux,gamma1,128,0.1,1.39,B.7
ost_134_1044_2007,peak_flux,gamma1,128,0.01,1.526,B.7
ost_134_1044_2007,peak_flux,gamma1,128,0.001,1.72,B.7
ost_134_1044_2007,peak_flux,gamma1,256,0.9,1.332,B.7
ost_134_1044_2007,peak_flux,gamma1,256,0.75,1.347,B.7
ost_134_1044_2007,peak_flux,gamma1,256,0.5,1.357,B.7
ost_134_1044_2007,peak_flux,gamma1,256,0.25,1.378,B.7
ost_134_1044_2007,peak_flux,gamma1,256,0.1,1.415,B.7
ost_134_1044_2007,peak_flux,gamma1,256,0.01,1.57,B.7
ost_134_1044_2007,peak_flux,gamma1,256,0.001,1.786,B.7
ost_134_1044_2007,peak_flux,gamma1,512,0.9,1.35,B.7
ost_134_1044_2007,peak_flux,gamma1,512,0.75,1.359,B.7
ost_134_1044_2007,peak_flux,gamma1,512,0.5,1.376,B.7
ost_134_1044_2007,peak_flux,gamma1,512,0.25,1.413,B.7
ost_134_1044_2007,peak_flux,gamma1,512,0.1,1.456,B.7
ost_134_1044_2007,peak_flux,gamma1,512,0.01,1.63,B.7
ost_134_1044_2007,peak_flux,gamma1,512,0.001,1.823,B.7
ost_134_1044_2007,peak_flux,gamma2,1,0.9,,B.8
ost_134_1044_2007,peak_flux,gamma2,1,0.75,,B.8
ost_134_1044_2007,peak_flux,gamma2,1,0.5,3.224,B.8
ost_134_1044_2007,peak_flux,gamma2,1,0.25,3.11,B.8
ost_134_1044_2007,peak_flux,gamma2,1,0.1,2.988,B.8
ost_134_1044_2007,peak_flux,gamma2,1,0.01,2.784,B.8
ost_134_1044_2007,peak_flux,gamma2,1,0.001,2.488,B.8
ost_134_1044_2007,peak_flux,gamma2,2,0.9,,B.8
ost_134_1044_2007,peak_flux,gamma2,2,0.75,3.198,B.8
ost_134_1044_2007,peak_flux,gamma2,2,0.5,3.14,B.8
ost_134_1044_2007,peak_flux,gamma2,2,0.25,3.04,B.8
ost_134_1044_2007,peak_flux,gamma2,2,0.1,2.92,B.8
ost_134_1044_2007,peak_flux,gamma2,2,0.01,2.692,B.8
ost_134_1044_2007,peak_flux,gamma2,2,0.001,2.451,B.8
ost_134_1044_2007,peak_flux,gamma2,4,0.9,3.18,B.8
ost_134_1044_2007,peak_flux,gamma2,4,0.75,3.12,B.8
ost_134_1044_2007,peak_flux,gamma2,4,0.5,3.07,B.8
ost_134_1044_2007,peak_flux,gamma2,4,0.25,2.963,B.8
ost_134_1044_2007,peak_flux,gamma2,4,0.1,2.84,B.8
ost_134_1044_2007,peak_flux,gamma2,4,0.01,2.584,B.8
ost_134_1044_2007,peak_flux,gamma2,4,0.001,2.4,B.8
ost_134_1044_2007,peak_flux,gamma2,8,0.9,3.13,B.8
ost_134_1044_2007,peak_flux,gamma2,8,0.75,3.05,B.8
ost_134_1044_2007,peak_flux,gamma2,8,0.5,2.989,B.8
ost_134_1044_2007,peak_flux,gamma2,8,0.25,2.882,B.8
ost_134_1044_2007,peak_flux,gamma2,8,0.1,2.76,B.8
ost_134_1044_2007,peak_flux,gamma2,8,0.01,2.49,B.8
ost_134_1044_2007,peak_flux,gamma2,8,0.001,2.38,B.8
ost_134_1044_2007,peak_flux,gamma2,16,0.9,3.08,B.8
ost_134_1044_2007,peak_flux,gamma2,16,0.75,2.97,B.8
ost_134_1044_2007,peak_flux,gamma2,16,0.5,2.907,B.8
ost_134_1044_2007,peak_flux,gamma2,16,0.25,2.85,B.8
ost_134_1044_2007,peak_flux,gamma2,16,0.1,2.68,B.8
ost_134_1044_2007,peak_flux,gamma2,16,0.01,2.43,B.8
ost_134_1044_2007,peak_flux,gamma2,16,0.001,2.357,B.8
ost_134_1044_2007,peak_flux,gamma2,32,0.9,3,B.8
ost_134_1044_2007,peak_flux,gamma2,32,0.75,2.89,B.8
ost_134_1044_2007,peak_flux,gamma2,32,0.5,2.83,B.8
ost_134_1044_2007,peak_flux,gamma2,32,0.25,2.73,B.8
ost_134_1044_2007,peak_flux,gamma2,32,0.1,2.61,B.8
ost_134_1044_2007,peak_flux,gamma2,32,0.01,2.48,B.8
ost_134_1044_2007,peak_flux,gamma2,32,0.001,2.34,B.8
ost_134_1044_2007,peak_flux,gamma2,64,0.9,2.93,B.8
ost_134_1044_2007,peak_flux,gamma2,64,0.75,2.82,B.8
ost_134_1044_2007,peak_flux,gamma2,64,0.5,2.75,B.8
ost_134_1044_2007,peak_flux,gamma2,64,0.25,2.64,B.8
ost_134_1044_2007,peak_flux,gamma2,64,0.1,2.52,B.8
ost_134_1044_2007,peak_flux,gamma2,64,0.01,2.35,B.8
ost_134_1044_2007,peak_flux,gamma2,64,0.001,2.328,B.8
ost_134_1044_2007,peak_flux,gamma2,128,0.9,2.86,B.8
ost_134_1044_2007,peak_flux,gamma2,128,0.75,2.75,B.8
ost_134_1044_2007,peak_flux,gamma2,128,0.5,2.67,B.8
ost_134_1044_2007,peak_flux,gamma2,128,0.25,2.56,B.8
ost_134_1044_2007,peak_flux,gamma2,128,0.1,2.457,B.8
ost_134_1044_2007,peak_flux,gamma2,128,0.01,2.34,B.8
ost_134_1044_2007,peak_flux,gamma2,128,0.001,2.32,B.8
ost_134_1044_2007,peak_flux,gamma2,256,0.9,2.794,B.8
ost_134_1044_2007,peak_flux,gamma2,256,0.75,2.66,B.8
ost_134_1044_2007,peak_flux,gamma2,256,0.5,2.592,B.8
ost_134_1044_2007,peak_flux,gamma2,256,0.25,2.486,B.8
ost_134_1044_2007,peak_flux,gamma2,256,0.1,2.42,B.8
ost_134_1044_2007,peak_flux,gamma2,256,0.01,2.34,B.8
ost_134_1044_2007,peak_flux,gamma2,256,0.001,2.31,B.8
ost_134_1044_2007,peak_flux,gamma2,512,0.9,2.724,B.8
ost_134_1044_2007,peak_flux,gamma2,512,0.75,2.607,B.8
ost_134_1044_2007,peak_flux,gamma2,512,0.5,2.52,B.8
ost_134_1044_2007,peak_flux,gamma2,512,0.25,2.439,B.8
ost_134_1044_2007,peak_flux,gamma2,512,0.1,2.388,B.8
ost_134_1044_2007,peak_flux,gamma2,512,0.01,2.34,B.8
ost_134_1044_2007,peak_flux,gamma2,512,0.001,2.3,B.8
